{
  "snaps": [
    "snap-014",
    "snap-018",
    "snap-024",
    "snap-032",
    "snap-044",
    "snap-080"
  ],
  "per_snap": {
    "snap-014": {
      "z": {
        "p1": 5.994167,
        "p2": 5.994167
      },
      "D1_split_score": {
        "tau_eff": 0.06921842315174265,
        "mean_flux": 5.3656653805407615,
        "T0": 1.3268250313387928,
        "b_median": 0.0,
        "power_ratio": 1.196941237557605,
        "cddf_lowN": 48.508651186028516,
        "cddf_highN": 0.15747122175784337,
        "cddf_slope": 0.145666852926589
      },
      "D3_power_ratio_slope": {
        "p1": -18.71856798048002,
        "p2": -4.488961358609989
      }
    },
    "snap-018": {
      "z": {
        "p1": 4.995933,
        "p2": 4.995933
      },
      "D1_split_score": {
        "tau_eff": 0.034622836041678685,
        "mean_flux": 0.2140851083226358,
        "T0": 0.11118778546467456,
        "power_ratio": 0.12407497193534268,
        "cddf_lowN": 2.4816185327941285,
        "cddf_highN": 0.0833809314920167,
        "cddf_slope": 0.3542436108021701
      },
      "D3_power_ratio_slope": {
        "p1": -0.4205773216691077,
        "p2": -0.671009079270378
      }
    },
    "snap-024": {
      "z": {
        "p1": 3.996095,
        "p2": 3.996095
      },
      "D1_split_score": {
        "tau_eff": 0.034188358627531924,
        "mean_flux": 0.040727340391035725,
        "T0": 0.04629655273071842,
        "b_median": 0.0,
        "power_ratio": 0.15452927313940493,
        "cddf_lowN": 0.09694986282870834,
        "cddf_highN": 0.08636514268406038,
        "cddf_slope": 0.10138896105077634
      },
      "D3_power_ratio_slope": {
        "p1": -1.1056236631942935,
        "p2": -0.17774919689060303
      }
    },
    "snap-032": {
      "z": {
        "p1": 2.998646,
        "p2": 2.998646
      },
      "D1_split_score": {
        "tau_eff": 0.12896960766413046,
        "mean_flux": 0.08584057470474593,
        "T0": 0.02489101830130686,
        "b_median": 0.0,
        "power_ratio": 0.07963450068239757,
        "cddf_lowN": 0.07397277547669402,
        "cddf_highN": 0.04441654159540866,
        "cddf_slope": 0.02139387055662557
      },
      "D3_power_ratio_slope": {
        "p1": -0.7979897001087302,
        "p2": -0.5598365946282541
      }
    },
    "snap-044": {
      "z": {
        "p1": 2.002028,
        "p2": 2.002028
      },
      "D1_split_score": {
        "tau_eff": 0.21268777756911536,
        "mean_flux": 0.13328487164493585,
        "T0": 0.025342582588457955,
        "b_median": 0.0001472937678685573,
        "power_ratio": 0.26088280653884566,
        "cddf_lowN": 0.0733951833078304,
        "cddf_highN": 0.0985865556369732,
        "cddf_slope": 0.02177924261391465
      },
      "D3_power_ratio_slope": {
        "p1": -0.46252754345074065,
        "p2": -1.1194245019850144
      }
    },
    "snap-080": {
      "z": {
        "p1": 0.269588,
        "p2": 0.269588
      },
      "D1_split_score": {
        "tau_eff": 0.06836130432526102,
        "mean_flux": 0.035406070519544086,
        "T0": 0.0647379825781131,
        "b_median": 0.01400701728512081,
        "power_ratio": 0.1379443681133954,
        "cddf_lowN": 0.14778802818352382,
        "cddf_highN": 0.20499163747257418,
        "cddf_slope": 0.12374625720036388
      },
      "D3_power_ratio_slope": {
        "p1": -0.14897193827109628,
        "p2": -0.7397349664138299
      }
    }
  },
  "D4_evolution_slopes": {
    "p1": {
      "tau_eff": {
        "n2": 2.758672398131064,
        "n1": 1.2359271733870125,
        "0": 1.2491018495642114,
        "1": 0.7636165524990257,
        "2": 0.8330000209122365
      },
      "mean_flux": {
        "n2": -0.14463843352104727,
        "n1": -0.13397165445402695,
        "0": -0.12079797160389899,
        "1": -0.10783981858356556,
        "2": -0.09944061138865087
      }
    },
    "p2": {
      "tau_eff": {
        "n2": 1.6705343422054904,
        "n1": 1.0915713288234519,
        "0": 1.2491018495642114,
        "1": 0.8323981179794184,
        "2": 0.9856107124224845
      },
      "mean_flux": {
        "n2": -0.12445289321589308,
        "n1": -0.12221990460384381,
        "0": -0.12079797160389899,
        "1": -0.11765361204863214,
        "2": -0.11680781705151497
      }
    }
  }
}