{
  "z": {
    "p1": 3.996095,
    "p2": 3.996095
  },
  "D1_split_score": {
    "tau_eff": 0.034188358627531924,
    "mean_flux": 0.040727340391035725,
    "T0": 0.04629655273071842,
    "b_median": 0.0,
    "power_ratio": 0.15452927313940493,
    "cddf_lowN": 0.09694986282870834,
    "cddf_highN": 0.08636514268406038,
    "cddf_slope": 0.10138896105077634
  },
  "D3_power_ratio_slope": {
    "p1": -1.1056236631942935,
    "p2": -0.17774919689060303
  }
}