statistic,value
mean_flux,0.05842036008834839
median_flux,0.006500772200524807
std_flux,0.10680002719163895
min_flux,2.9382650407717056e-39
max_flux,0.9549832940101624
mean_tau,1470.3233642578125
median_tau,5.035834312438965
effective_tau,2.840090751647949
deep_absorption_frac,0.04976925626397133
moderate_absorption_frac,0.04976925626397133
weak_absorption_frac,0.007694791071116924
