statistic,value
mean_flux,0.05479295179247856
median_flux,0.002583208493888378
std_flux,0.11020740866661072
min_flux,2.9382650407717056e-39
max_flux,0.9778124094009399
mean_tau,5090.5166015625
median_tau,5.958723068237305
effective_tau,2.904193639755249
deep_absorption_frac,0.04976925626397133
moderate_absorption_frac,0.04976925626397133
weak_absorption_frac,0.009259967133402824
