{
  "z": {
    "p1": 0.269588,
    "p2": 0.269588
  },
  "D1_split_score": {
    "tau_eff": 0.06836130432526102,
    "mean_flux": 0.035406070519544086,
    "T0": 0.0647379825781131,
    "b_median": 0.01400701728512081,
    "power_ratio": 0.1379443681133954,
    "cddf_lowN": 0.14778802818352382,
    "cddf_highN": 0.20499163747257418,
    "cddf_slope": 0.12374625720036388
  },
  "D3_power_ratio_slope": {
    "p1": -0.14897193827109628,
    "p2": -0.7397349664138299
  }
}