statistic,value
mean_flux,0.04888763651251793
median_flux,0.0019239112734794617
std_flux,0.1053875982761383
min_flux,2.9382650407717056e-39
max_flux,0.9894117712974548
mean_tau,8184.23388671875
median_tau,6.253395080566406
effective_tau,3.018230676651001
deep_absorption_frac,0.04976925626397133
moderate_absorption_frac,0.04976925626397133
weak_absorption_frac,0.0072849215939641
