{
  "z": {
    "p1": 2.002028,
    "p2": 2.002028
  },
  "D1_split_score": {
    "tau_eff": 0.21268777756911536,
    "mean_flux": 0.13328487164493585,
    "T0": 0.025342582588457955,
    "b_median": 0.0001472937678685573,
    "power_ratio": 0.26088280653884566,
    "cddf_lowN": 0.0733951833078304,
    "cddf_highN": 0.0985865556369732,
    "cddf_slope": 0.02177924261391465
  },
  "D3_power_ratio_slope": {
    "p1": -0.46252754345074065,
    "p2": -1.1194245019850144
  }
}