statistic,value
mean_flux,0.025034740567207336
median_flux,0.00029095899662934244
std_flux,0.060167618095874786
min_flux,2.9382650407717056e-39
max_flux,0.9417214393615723
mean_tau,3602.650146484375
median_tau,8.142328262329102
effective_tau,3.687490701675415
deep_absorption_frac,0.04976925626397133
moderate_absorption_frac,0.04976925626397133
weak_absorption_frac,0.00109051913022995
