{
  "z": {
    "p1": 2.998646,
    "p2": 2.998646
  },
  "D1_split_score": {
    "tau_eff": 0.12896960766413046,
    "mean_flux": 0.08584057470474593,
    "T0": 0.02489101830130686,
    "b_median": 0.0,
    "power_ratio": 0.07963450068239757,
    "cddf_lowN": 0.07397277547669402,
    "cddf_highN": 0.04441654159540866,
    "cddf_slope": 0.02139387055662557
  },
  "D3_power_ratio_slope": {
    "p1": -0.7979897001087302,
    "p2": -0.5598365946282541
  }
}