statistic,value
mean_flux,0.9373767847444258
median_flux,0.9948219198442093
std_flux,0.16594957365517937
min_flux,0.0
max_flux,0.9999950445047185
mean_tau,590.8120062290233
median_tau,0.005191532872431756
effective_tau,0.06466995938114452
deep_absorption_frac,0.012970683620575074
moderate_absorption_frac,0.026003734881042045
weak_absorption_frac,0.9610255814983829
