statistic,value
mean_flux,0.0007239060942083597
median_flux,9.229338820970767e-11
std_flux,0.00532106077298522
min_flux,2.9382650407717056e-39
max_flux,0.5522907972335815
mean_tau,250.23162841796875
median_tau,23.106048583984375
effective_tau,7.230848789215088
deep_absorption_frac,0.04622586816549301
moderate_absorption_frac,0.000521449837833643
weak_absorption_frac,1.1296633317670057e-07
