statistic,value
mean_flux,0.06990419328212738
median_flux,0.009103969670832157
std_flux,0.12058433145284653
min_flux,2.9382650407717056e-39
max_flux,0.971251368522644
mean_tau,2573.53173828125
median_tau,4.699044704437256
effective_tau,2.6606297492980957
deep_absorption_frac,0.04976925626397133
moderate_absorption_frac,0.04976925626397133
weak_absorption_frac,0.013891732320189476
