{
  "z": {
    "p1": 5.994167,
    "p2": 5.994167
  },
  "D1_split_score": {
    "tau_eff": 0.06921842315174265,
    "mean_flux": 5.3656653805407615,
    "T0": 1.3268250313387928,
    "b_median": 0.0,
    "power_ratio": 1.196941237557605,
    "cddf_lowN": 48.508651186028516,
    "cddf_highN": 0.15747122175784337,
    "cddf_slope": 0.145666852926589
  },
  "D3_power_ratio_slope": {
    "p1": -18.71856798048002,
    "p2": -4.488961358609989
  }
}