statistic,value
mean_flux,0.6198288202285767
median_flux,0.9930456280708313
std_flux,0.13917489349842072
min_flux,2.9382650407717056e-39
max_flux,0.999998152256012
mean_tau,252.22544860839844
median_tau,0.006978719029575586
effective_tau,0.4783119261264801
deep_absorption_frac,0.011984700337052345
moderate_absorption_frac,0.022626115009188652
weak_absorption_frac,0.07747860252857208
tau_eff_err,0.0008168008420239292
tau_eff_std,0.08168008420239292
