statistic,value
mean_flux,0.941329541269027
median_flux,0.9930455757938398
std_flux,0.1578988630342088
min_flux,0.0
max_flux,0.9999981370557545
mean_tau,252.3341523986739
median_tau,0.006978718916849639
effective_tau,0.06046199744215404
deep_absorption_frac,0.011984700286321233
moderate_absorption_frac,0.022626115267387087
weak_absorption_frac,0.9653891844462916
