statistic,value
mean_flux,0.021577579900622368
median_flux,0.00026172189973294735
std_flux,0.0521741583943367
min_flux,2.9382650407717056e-39
max_flux,0.8733144402503967
mean_tau,2311.146484375
median_tau,8.248228073120117
effective_tau,3.8361005783081055
deep_absorption_frac,0.04976925626397133
moderate_absorption_frac,0.04976925626397133
weak_absorption_frac,0.00047025809180922806
