statistic,value
mean_flux,0.21194343268871307
median_flux,0.1398772895336151
std_flux,0.1649932563304901
min_flux,2.9382650407717056e-39
max_flux,0.9795669317245483
mean_tau,3738.143798828125
median_tau,1.9669897556304932
effective_tau,1.5514358282089233
deep_absorption_frac,0.05431101471185684
moderate_absorption_frac,0.05431101471185684
weak_absorption_frac,0.05431101471185684
tau_eff_err,0.004868941052298632
tau_eff_std,0.48689410522986326
