statistic,value
mean_flux,0.48148131370544434
median_flux,0.585040807723999
std_flux,0.12273634970188141
min_flux,2.9382650407717056e-39
max_flux,0.9951657056808472
mean_tau,1568.826171875
median_tau,0.5360736846923828
effective_tau,0.7308878302574158
deep_absorption_frac,0.06018516421318054
moderate_absorption_frac,0.06018516421318054
weak_absorption_frac,0.06018516421318054
tau_eff_err,0.002700170842661122
tau_eff_std,0.2700170842661122
