statistic,value
mean_flux,0.48148131370544434
median_flux,0.752910852432251
std_flux,0.13109248876571655
min_flux,2.9382650407717056e-39
max_flux,0.9990494847297668
mean_tau,3874.418212890625
median_tau,0.2838084399700165
effective_tau,0.7308878302574158
deep_absorption_frac,0.06018516421318054
moderate_absorption_frac,0.06018516421318054
weak_absorption_frac,0.06018516421318054
tau_eff_err,0.003832921998230061
tau_eff_std,0.3832921998230061
