statistic,value
mean_flux,0.0825233906507492
median_flux,0.007014569826424122
std_flux,0.13821491599082947
min_flux,2.9382650407717056e-39
max_flux,0.9910798668861389
mean_tau,8330.326171875
median_tau,4.959765911102295
effective_tau,2.494673490524292
deep_absorption_frac,0.04976925626397133
moderate_absorption_frac,0.04976925626397133
weak_absorption_frac,0.028417816385626793
