{
  "z": {
    "p1": 4.995933,
    "p2": 4.995933
  },
  "D1_split_score": {
    "tau_eff": 0.034622836041678685,
    "mean_flux": 0.2140851083226358,
    "T0": 0.11118778546467456,
    "power_ratio": 0.12407497193534268,
    "cddf_lowN": 2.4816185327941285,
    "cddf_highN": 0.0833809314920167,
    "cddf_slope": 0.3542436108021701
  },
  "D3_power_ratio_slope": {
    "p1": -0.4205773216691077,
    "p2": -0.671009079270378
  }
}