statistic,value
mean_flux,0.9286940082108993
median_flux,0.9883562797782044
std_flux,0.1731321968694524
min_flux,0.0
max_flux,0.9999940572818271
mean_tau,344.6202682623089
median_tau,0.011712039174409737
effective_tau,0.07397597202361544
deep_absorption_frac,0.01625221696290572
moderate_absorption_frac,0.026033297913446676
weak_absorption_frac,0.9577144851236477
